                  epoch,        train/giou_loss,         train/cls_loss,          train/l1_loss,   metrics/precision(B),      metrics/recall(B),       metrics/mAP50(B),       metrics/mAP75(B),       metrics/mAP90(B),    metrics/mAP50-95(B),          val/giou_loss,           val/cls_loss,            val/l1_loss,                 lr/pg0,                 lr/pg1,                 lr/pg2
                      1,                 1.7125,                0.35966,                 1.1435,                0.33464,                0.04222,                 0.0022,                  2e-05,                      0,                0.00037,                 1.6415,                0.37473,                 1.3375,               0.066741,             3.3292e-05,             3.3292e-05
                      2,                 1.6144,                0.27718,                 1.0554,                0.07333,                0.11543,                 0.0337,                0.00191,                      0,                0.00855,                 1.4234,                0.38134,                 1.0808,               0.033441,             6.6626e-05,             6.6626e-05
                      3,                 1.3359,                0.53475,                0.69013,                0.29896,                0.29651,                0.14972,                0.01872,                  3e-05,                0.04622,                0.83941,                0.88937,                0.38515,             0.00014101,             9.9959e-05,             9.9959e-05
                      4,                 1.1141,                0.75655,                0.46913,                0.09307,                0.26726,                0.10329,                0.01691,                0.00013,                0.03329,                0.73411,                 1.0775,                0.30701,                 0.0001,                 0.0001,                 0.0001
                      5,                 1.0404,                0.81745,                0.41503,                0.19549,                0.35055,                0.19859,                0.03262,                0.00016,                0.06903,                0.70155,                  1.042,                0.27941,                 0.0001,                 0.0001,                 0.0001
                      6,                0.99275,                0.82534,                0.37375,                0.23565,                0.37823,                0.24657,                0.03553,                  6e-05,                0.08709,                0.71149,                0.97229,                0.29824,                 0.0001,                 0.0001,                 0.0001
                      7,                0.94772,                0.83934,                0.34922,                0.26093,                0.37531,                0.25179,                0.07105,                0.00106,                0.09877,                0.66395,                0.96775,                 0.2624,                 0.0001,                 0.0001,                 0.0001
                      8,                0.92983,                0.86539,                0.33611,                 0.3961,                0.34735,                 0.2545,                0.07404,                0.00247,                0.10439,                0.65444,                0.99226,                0.27842,                 0.0001,                 0.0001,                 0.0001
                      9,                0.90597,                0.85961,                 0.3263,                0.36384,                0.35644,                0.29618,                 0.0664,                0.00133,                0.11338,                0.65949,                0.97395,                0.26626,                 0.0001,                 0.0001,                 0.0001
                     10,                0.86613,                0.88428,                0.30993,                0.38577,                0.38172,                0.31242,                0.10905,                0.00378,                0.14207,                0.60856,                0.99508,                0.24153,                 0.0001,                 0.0001,                 0.0001
                     11,                0.87241,                0.84459,                0.30465,                 0.3836,                0.43689,                0.35967,                0.12713,                0.00135,                0.16307,                0.61875,                0.93194,                0.24528,                 0.0001,                 0.0001,                 0.0001
                     12,                0.85637,                 0.8414,                 0.2911,                0.24736,                0.51024,                0.32275,                0.10364,                0.00125,                0.13975,                0.62219,                0.98467,                0.24002,                 0.0001,                 0.0001,                 0.0001
                     13,                0.85633,                0.83399,                0.29856,                0.41074,                 0.4593,                0.38301,                0.14713,                 0.0072,                0.17902,                0.63058,                0.86999,                0.25336,                 0.0001,                 0.0001,                 0.0001
                     14,                0.84801,                0.80457,                0.28115,                0.41808,                0.48134,                0.42182,                 0.1434,                 0.0053,                0.18564,                0.62254,                0.87563,                0.24518,                 0.0001,                 0.0001,                 0.0001
                     15,                0.83193,                0.81956,                0.28005,                0.48903,                 0.4542,                0.42027,                0.13987,                0.00328,                0.18748,                0.63068,                0.85724,                0.23723,                 0.0001,                 0.0001,                 0.0001
                     16,                0.81613,                0.80459,                0.26688,                0.41349,                0.50286,                0.44307,                0.17589,                0.00953,                0.20851,                0.60073,                0.85078,                 0.2339,                 0.0001,                 0.0001,                 0.0001
                     17,                0.80377,                0.80147,                0.26263,                 0.5441,                0.45355,                0.45015,                0.15261,                 0.0057,                0.20151,                0.64224,                0.81886,                0.25878,                 0.0001,                 0.0001,                 0.0001
                     18,                0.81563,                0.77645,                0.26442,                0.57959,                0.52974,                0.53516,                0.22134,                0.01583,                0.26377,                0.58955,                0.77848,                0.23496,                 0.0001,                 0.0001,                 0.0001
                     19,                 0.8125,                0.76128,                0.25454,                0.58607,                0.50524,                0.53276,                0.21852,                0.00666,                0.25389,                0.59698,                0.76894,                0.22985,                 0.0001,                 0.0001,                 0.0001
                     20,                0.78387,                0.77426,                0.25175,                0.54275,                 0.5434,                0.54618,                0.21469,                 0.0094,                0.27097,                 0.5848,                0.78175,                0.23187,                 0.0001,                 0.0001,                 0.0001
                     21,                0.77274,                0.80019,                 0.2495,                0.52401,                0.50122,                0.52954,                0.18603,                0.00881,                0.24759,                0.61118,                  0.771,                0.24892,                 0.0001,                 0.0001,                 0.0001
                     22,                0.76862,                0.78237,                0.24605,                0.50089,                 0.5589,                0.56689,                0.26716,                0.01515,                0.29453,                 0.5735,                0.76399,                0.22223,                 0.0001,                 0.0001,                 0.0001
                     23,                0.77305,                0.75817,                0.24135,                 0.5186,                0.53916,                 0.5597,                0.25264,                0.02107,                0.28365,                0.59379,                0.73943,                 0.2422,                 0.0001,                 0.0001,                 0.0001
                     24,                0.76505,                0.76086,                0.24938,                0.57977,                0.56548,                0.60373,                0.25849,                0.02972,                0.30019,                0.58699,                0.72839,                0.22974,                 0.0001,                 0.0001,                 0.0001
                     25,                0.77176,                0.74007,                0.24766,                0.61435,                0.55759,                0.59459,                 0.2918,                0.00993,                0.30252,                0.58719,                0.70127,                0.23238,                 0.0001,                 0.0001,                 0.0001
                     26,                0.74497,                0.73546,                0.24061,                0.61517,                0.57889,                0.62618,                0.30465,                0.02251,                 0.3296,                0.56164,                0.70144,                0.23506,                 0.0001,                 0.0001,                 0.0001
                     27,                0.73889,                  0.747,                0.23956,                0.56825,                0.58639,                0.59072,                0.30868,                0.01769,                0.32438,                0.55607,                0.71332,                 0.2253,                 0.0001,                 0.0001,                 0.0001
                     28,                 0.7318,                0.73073,                0.22733,                0.61763,                0.58994,                0.62438,                0.27419,                 0.0216,                0.31201,                0.58394,                0.67174,                0.22977,                 0.0001,                 0.0001,                 0.0001
                     29,                0.73682,                0.72617,                0.22662,                0.61589,                0.60688,                0.64514,                0.37351,                0.04102,                0.36201,                0.53685,                0.67525,                0.21845,                 0.0001,                 0.0001,                 0.0001
                     30,                0.74934,                0.74119,                0.24101,                0.64038,                0.61889,                 0.6475,                 0.3492,                0.01482,                0.34175,                0.56356,                0.67662,                 0.2306,                 0.0001,                 0.0001,                 0.0001
                     31,                0.73318,                0.72908,                0.23232,                0.65565,                0.61348,                 0.6712,                0.40464,                0.04217,                 0.3823,                0.53766,                0.65271,                0.21073,                 0.0001,                 0.0001,                 0.0001
                     32,                0.72588,                0.73779,                0.22653,                0.68012,                0.60143,                0.66455,                0.33961,                0.01716,                 0.3516,                0.56537,                0.65634,                0.23812,                 0.0001,                 0.0001,                 0.0001
                     33,                0.72039,                0.72318,                 0.2202,                0.63823,                 0.6347,                 0.6785,                0.39947,                0.03411,                0.38642,                0.53503,                0.65066,                0.21851,                 0.0001,                 0.0001,                 0.0001
                     34,                0.69168,                0.71603,                0.21758,                0.65621,                0.62961,                0.67709,                 0.2722,                0.01058,                0.32877,                0.58173,                0.61819,                0.23788,                 0.0001,                 0.0001,                 0.0001
                     35,                0.69306,                0.70843,                0.22387,                0.62418,                0.62854,                0.67362,                0.39627,                0.04306,                0.38839,                0.52953,                 0.6281,                0.20878,                 0.0001,                 0.0001,                 0.0001
                     36,                0.70614,                0.70212,                0.22264,                0.66451,                0.65976,                0.68854,                 0.4226,                0.03608,                0.39747,                0.52255,                0.61231,                0.20591,                 0.0001,                 0.0001,                 0.0001
                     37,                0.70431,                0.71438,                0.21499,                0.67377,                0.65421,                0.70151,                0.45114,                0.07522,                0.41938,                0.51136,                0.57927,                0.19415,                 0.0001,                 0.0001,                 0.0001
                     38,                0.70093,                0.69942,                0.22117,                0.67252,                0.64751,                0.70275,                0.42385,                 0.0331,                 0.4011,                 0.5147,                 0.6054,                0.20665,                 0.0001,                 0.0001,                 0.0001
                     39,                0.69154,                0.70043,                0.22243,                0.64067,                0.63109,                0.68888,                0.37954,                0.06135,                0.38644,                0.52437,                0.62382,                0.20957,                 0.0001,                 0.0001,                 0.0001
                     40,                0.69833,                0.70123,                  0.219,                0.69182,                0.66829,                0.70307,                0.46141,                0.03148,                0.41249,                0.51243,                0.59176,                0.20392,                 0.0001,                 0.0001,                 0.0001
                     41,                0.68708,                0.70758,                0.21254,                0.72379,                0.63677,                 0.7092,                0.43977,                0.05436,                0.41341,                0.51577,                 0.5967,                0.19745,                 0.0001,                 0.0001,                 0.0001
                     42,                0.68988,                0.70083,                0.21387,                0.69536,                0.65953,                0.70761,                0.43725,                0.06633,                0.41811,                0.51206,                0.58347,                 0.2045,                 0.0001,                 0.0001,                 0.0001
                     43,                0.68968,                0.67877,                0.20884,                0.70106,                0.66558,                 0.7288,                0.37824,                0.02463,                0.39556,                 0.5268,                0.57673,                0.21046,                 0.0001,                 0.0001,                 0.0001
                     44,                0.67396,                0.69787,                0.21281,                0.68258,                0.66539,                0.72828,                0.40864,                 0.0513,                0.41101,                0.52147,                0.58333,                0.20404,                 0.0001,                 0.0001,                 0.0001
                     45,                0.68787,                0.70303,                0.20933,                0.69726,                  0.678,                0.72408,                0.45714,                0.05104,                0.42762,                0.49989,                 0.5843,                0.19287,                 0.0001,                 0.0001,                 0.0001
                     46,                0.66875,                0.68671,                 0.2083,                0.71042,                0.65032,                0.72367,                 0.4083,                0.05549,                0.41074,                0.50844,                0.59901,                0.20255,                 0.0001,                 0.0001,                 0.0001
                     47,                0.67918,                0.69805,                0.20204,                0.70208,                0.68301,                0.73145,                0.46347,                0.07886,                0.43471,                0.49516,                 0.5718,                0.18084,                 0.0001,                 0.0001,                 0.0001
                     48,                0.67498,                0.67185,                0.20683,                0.69491,                0.66979,                0.72396,                0.45548,                0.07621,                0.43403,                0.49569,                0.57422,                0.19543,                 0.0001,                 0.0001,                 0.0001
                     49,                0.67084,                0.67972,                0.20898,                0.72432,                0.66835,                0.72775,                0.38408,                0.03076,                0.39151,                0.53343,                0.58056,                0.19909,                 0.0001,                 0.0001,                 0.0001
                     50,                0.65458,                0.66059,                0.19601,                0.75655,                0.69077,                0.74464,                0.48384,                0.09984,                0.45734,                0.48666,                0.52472,                 0.1841,                 0.0001,                 0.0001,                 0.0001
                     51,                 0.6358,                0.66041,                0.19159,                0.74244,                0.68964,                0.74594,                0.49033,                0.10334,                 0.4518,                0.49147,                 0.5346,                0.18591,                 0.0001,                 0.0001,                 0.0001
                     52,                0.65453,                0.66657,                0.19909,                0.73301,                0.69883,                0.75311,                 0.4852,                0.10298,                0.45817,                0.48229,                0.53605,                0.17726,                 0.0001,                 0.0001,                 0.0001
                     53,                 0.6471,                 0.6722,                0.19054,                0.74199,                0.69575,                0.75717,                0.51522,                0.07505,                 0.4659,                 0.4761,                0.53477,                0.17612,                 0.0001,                 0.0001,                 0.0001
                     54,                0.64527,                0.67205,                0.19595,                0.73586,                0.66326,                0.73554,                0.47754,                0.04121,                0.43441,                0.50525,                 0.5465,                0.19849,                 0.0001,                 0.0001,                 0.0001
                     55,                0.64401,                0.66104,                0.19477,                0.72376,                 0.6766,                 0.7387,                0.49002,                 0.1136,                0.45724,                0.48237,                0.53664,                0.18585,                 0.0001,                 0.0001,                 0.0001
                     56,                0.64203,                0.66936,                0.19697,                0.71614,                0.67263,                0.74191,                0.49697,                0.08883,                0.45695,                0.47914,                0.54564,                0.18555,                 0.0001,                 0.0001,                 0.0001
                     57,                 0.6437,                0.65469,                 0.1962,                0.74367,                 0.7003,                0.75578,                0.46666,                0.05873,                 0.4487,                0.48155,                0.53774,                 0.1808,                 0.0001,                 0.0001,                 0.0001
                     58,                0.63255,                0.66222,                 0.1912,                 0.7443,                0.66984,                0.74205,                0.50157,                 0.1419,                0.46791,                 0.4726,                0.53195,                0.17528,                 0.0001,                 0.0001,                 0.0001
                     59,                0.64698,                0.65495,                0.19239,                0.75418,                0.68945,                0.74485,                0.50599,                0.11513,                0.46217,                0.47538,                0.51947,                0.17354,                 0.0001,                 0.0001,                 0.0001
                     60,                0.64575,                 0.6581,                 0.1889,                0.74474,                0.69189,                0.74872,                0.51739,                0.12795,                0.47283,                 0.4638,                 0.5273,                0.16831,                 0.0001,                 0.0001,                 0.0001
                     61,                0.63294,                0.63652,                0.18586,                0.73609,                 0.6942,                0.75055,                0.49594,                0.08552,                0.46756,                0.47006,                0.51766,                0.17117,                 0.0001,                 0.0001,                 0.0001
                     62,                0.62861,                0.65384,                0.19307,                 0.7556,                0.68257,                0.74706,                0.50736,                0.08624,                0.46455,                0.46502,                0.53997,                0.17405,                 0.0001,                 0.0001,                 0.0001
                     63,                0.63204,                0.65674,                0.19043,                0.77378,                0.68121,                0.74985,                0.46663,                0.10219,                0.45003,                0.48272,                 0.5359,                0.18005,                 0.0001,                 0.0001,                 0.0001
                     64,                0.63611,                 0.6596,                0.18413,                0.75056,                 0.6959,                0.74856,                 0.5087,                 0.1491,                0.48292,                0.45557,                0.53301,                0.16762,                 0.0001,                 0.0001,                 0.0001
                     65,                0.63469,                0.64133,                0.18481,                0.75839,                  0.703,                0.75559,                0.52896,                0.17289,                0.49354,                0.45324,                0.50597,                0.16309,                 0.0001,                 0.0001,                 0.0001
                     66,                0.62638,                0.63563,                0.18511,                0.77417,                0.69885,                 0.7548,                0.51104,                  0.138,                0.48234,                0.46478,                0.50747,                0.16919,                 0.0001,                 0.0001,                 0.0001
                     67,                0.61483,                0.62015,                0.18063,                0.78375,                0.69522,                0.75908,                0.52905,                0.20223,                 0.4932,                0.45318,                0.49038,                0.16924,                 0.0001,                 0.0001,                 0.0001
                     68,                0.62866,                0.62931,                0.18436,                0.75709,                0.70466,                0.75845,                0.52084,                 0.1376,                0.48358,                0.45821,                0.51512,                0.16806,                 0.0001,                 0.0001,                 0.0001
                     69,                0.61263,                0.64667,                0.18093,                0.77023,                0.69845,                0.76186,                0.49171,                0.12166,                0.47168,                0.46176,                0.52041,                0.16636,                 0.0001,                 0.0001,                 0.0001
                     70,                0.62136,                0.63366,                0.17809,                0.78231,                0.69943,                0.75836,                 0.5362,                0.20952,                0.50331,                0.44502,                0.50106,                0.15921,                 0.0001,                 0.0001,                 0.0001
                     71,                0.60621,                0.62296,                0.17431,                0.78934,                0.69781,                0.76937,                0.53606,                0.18031,                0.49589,                0.43941,                0.50241,                0.16071,                 0.0001,                 0.0001,                 0.0001
                     72,                0.60932,                 0.6304,                0.17188,                0.78955,                0.69295,                0.76338,                0.52637,                0.17363,                0.49579,                0.44264,                0.49885,                0.15812,                 0.0001,                 0.0001,                 0.0001
                     73,                 0.6309,                0.63243,                0.17948,                 0.7766,                0.70971,                0.76778,                0.54446,                0.17873,                  0.498,                0.43525,                0.51532,                0.15568,                 0.0001,                 0.0001,                 0.0001
                     74,                0.60909,                0.62936,                0.17304,                0.78263,                0.69362,                0.76621,                0.52599,                0.13794,                0.49105,                0.44481,                0.50724,                0.16473,                 0.0001,                 0.0001,                 0.0001
                     75,                0.60802,                0.62918,                0.17214,                0.80871,                0.70544,                0.77509,                0.55201,                0.13274,                0.49948,                0.44959,                0.49647,                0.15891,                 0.0001,                 0.0001,                 0.0001
                     76,                0.60276,                0.61679,                0.17551,                0.78719,                0.70439,                 0.7673,                0.53343,                0.12768,                 0.4898,                0.44953,                0.49705,                 0.1634,                 0.0001,                 0.0001,                 0.0001
                     77,                0.59807,                0.62623,                0.17766,                0.76808,                0.70126,                0.76146,                0.54605,                0.21397,                0.50748,                0.43612,                0.49226,                0.16212,                 0.0001,                 0.0001,                 0.0001
                     78,                0.60119,                0.61306,                0.17006,                 0.8155,                 0.6999,                0.77127,                0.53656,                0.18947,                0.50461,                0.43347,                0.49225,                0.15682,                 0.0001,                 0.0001,                 0.0001
                     79,                0.59455,                0.61139,                0.17196,                 0.7672,                0.72705,                0.76427,                0.54874,                0.21332,                0.50372,                0.44058,                0.49681,                0.16267,                 0.0001,                 0.0001,                 0.0001
                     80,                 0.6002,                0.62532,                0.17822,                0.79151,                0.71399,                0.77316,                0.54297,                0.18736,                0.49758,                0.44537,                0.49326,                0.16304,                 0.0001,                 0.0001,                 0.0001
                     81,                0.60515,                 0.6207,                0.17323,                0.79817,                0.69925,                0.75879,                0.53454,                0.16379,                0.49151,                0.45157,                0.50085,                0.16082,                 0.0001,                 0.0001,                 0.0001
                     82,                0.59224,                0.62545,                0.17097,                0.77055,                0.70127,                0.76715,                 0.5337,                 0.2177,                0.50365,                0.43861,                 0.5071,                0.16386,                 0.0001,                 0.0001,                 0.0001
                     83,                 0.5944,                0.60401,                0.16829,                 0.8128,                0.69508,                0.77323,                0.53256,                0.22738,                0.50729,                0.43961,                0.49157,                0.15709,                 0.0001,                 0.0001,                 0.0001
                     84,                0.58581,                0.61091,                0.16583,                0.79997,                0.70566,                0.77104,                0.54521,                0.21761,                0.50965,                0.44138,                0.48337,                0.16343,                 0.0001,                 0.0001,                 0.0001
                     85,                0.61368,                0.62123,                0.16847,                0.79454,                0.71256,                 0.7689,                0.54082,                0.22673,                0.50756,                0.43895,                0.48106,                0.15789,                 0.0001,                 0.0001,                 0.0001
                     86,                0.60342,                0.61049,                0.16583,                0.79947,                0.70399,                0.76967,                0.54323,                0.19476,                0.51058,                0.43177,                0.48719,                0.15487,                 0.0001,                 0.0001,                 0.0001
                     87,                0.59392,                 0.6205,                0.16612,                0.78628,                0.71551,                0.76907,                0.54617,                0.22337,                0.51959,                0.42015,                0.49305,                0.15267,                 0.0001,                 0.0001,                 0.0001
                     88,                0.58904,                0.61158,                  0.166,                0.81824,                   0.71,                0.77094,                0.54626,                0.17773,                0.50737,                0.42871,                0.49871,                0.15665,                 0.0001,                 0.0001,                 0.0001
                     89,                0.59066,                0.59895,                0.16773,                0.79898,                0.71593,                0.76796,                0.53314,                0.21591,                0.50505,                0.44159,                0.49239,                 0.1575,                 0.0001,                 0.0001,                 0.0001
                     90,                0.58628,                0.60469,                0.15623,                 0.8119,                0.70299,                0.76618,                0.54665,                0.15693,                 0.4957,                 0.4446,                0.49971,                0.16178,                 0.0001,                 0.0001,                 0.0001
                     91,                0.57826,                 0.6133,                0.16445,                 0.8148,                0.70412,                0.77064,                0.54676,                0.25538,                0.52167,                0.42502,                0.49145,                0.15126,                 0.0001,                 0.0001,                 0.0001
                     92,                0.58335,                0.60641,                0.16448,                0.81165,                0.70944,                0.76828,                 0.5472,                0.22932,                0.51635,                 0.4306,                  0.483,                0.15715,                 0.0001,                 0.0001,                 0.0001
                     93,                0.58506,                0.59812,                0.16731,                0.80439,                0.70689,                0.76745,                0.55596,                0.24868,                0.52283,                0.42097,                 0.4847,                0.15131,                 0.0001,                 0.0001,                 0.0001
                     94,                0.58564,                 0.5955,                0.16559,                0.78944,                0.71061,                0.76474,                0.54892,                0.19872,                0.50841,                0.43293,                0.49534,                0.15589,                 0.0001,                 0.0001,                 0.0001
                     95,                0.58622,                 0.6009,                0.16088,                0.79672,                0.71652,                0.76788,                0.54694,                 0.2523,                0.51825,                0.41855,                0.48903,                0.15213,                 0.0001,                 0.0001,                 0.0001
                     96,                0.57646,                 0.5993,                0.15626,                0.80017,                0.72595,                 0.7779,                 0.5543,                0.26145,                0.52287,                0.41887,                0.48344,                 0.1482,                 0.0001,                 0.0001,                 0.0001
                     97,                0.58682,                0.59237,                0.16389,                0.81667,                0.71737,                 0.7807,                0.55164,                0.25033,                0.52553,                0.41519,                0.48154,                0.15227,                 0.0001,                 0.0001,                 0.0001
                     98,                0.58005,                0.58859,                0.15991,                 0.8087,                 0.7138,                0.77255,                0.54746,                0.26841,                0.52284,                0.41587,                0.48446,                 0.1511,                 0.0001,                 0.0001,                 0.0001
                     99,                0.58061,                0.59218,                0.15994,                0.80191,                0.72131,                0.77462,                0.55595,                0.26405,                0.53012,                0.41534,                0.48016,                0.14902,                 0.0001,                 0.0001,                 0.0001
                    100,                0.59441,                0.59948,                0.16109,                0.82569,                0.71022,                0.77135,                0.53623,                0.28135,                0.52165,                0.41999,                0.47705,                0.15101,                 0.0001,                 0.0001,                 0.0001
                    101,                0.50056,                 0.5299,                 0.1583,                0.80842,                 0.7299,                 0.7846,                0.54287,                0.25468,                0.52152,                0.42486,                0.47553,                0.15527,                 0.0001,                 0.0001,                 0.0001
                    102,                0.48443,                0.52013,                0.14719,                0.82314,                0.71838,                0.78298,                0.55176,                0.21102,                0.51917,                  0.421,                0.47709,                0.15124,                 0.0001,                 0.0001,                 0.0001
                    103,                0.48808,                0.51799,                0.14278,                0.81364,                0.71406,                0.77054,                0.54997,                0.27109,                0.52479,                0.41802,                0.48035,                0.15371,                 0.0001,                 0.0001,                 0.0001
                    104,                0.47169,                0.52444,                0.13927,                0.81828,                0.71484,                0.77507,                0.55476,                 0.2343,                0.52169,                0.42336,                0.47638,                0.15111,                 0.0001,                 0.0001,                 0.0001
                    105,                0.47643,                0.52067,                0.14399,                0.79837,                0.71914,                0.77924,                 0.5572,                 0.2745,                0.53323,                0.41331,                0.46634,                0.14475,                 0.0001,                 0.0001,                 0.0001
                    106,                0.48391,                0.52449,                0.14577,                0.81179,                0.71472,                 0.7783,                0.55481,                0.27788,                0.52889,                0.41496,                0.46835,                0.14512,                 0.0001,                 0.0001,                 0.0001
                    107,                0.48401,                0.51924,                0.14147,                0.82489,                0.72047,                0.78942,                0.56225,                0.25208,                0.53428,                0.41352,                0.46321,                0.14431,                 0.0001,                 0.0001,                 0.0001
                    108,                0.47404,                0.50887,                0.13413,                0.81745,                0.71344,                0.77922,                0.55898,                0.23754,                0.52693,                0.41234,                0.46891,                0.14731,                 0.0001,                 0.0001,                 0.0001
                    109,                 0.4755,                0.52485,                0.13744,                0.80814,                0.72242,                0.77878,                0.55745,                 0.2173,                0.52009,                0.41923,                0.48441,                 0.1478,                 0.0001,                 0.0001,                 0.0001
                    110,                0.47857,                0.50103,                0.13903,                0.83208,                0.71601,                0.78259,                 0.5601,                0.28087,                0.53611,                0.41385,                0.45614,                0.14048,                 0.0001,                 0.0001,                 0.0001
                    111,                0.46103,                 0.4973,                0.13229,                0.80205,                0.73046,                0.78359,                0.54957,                0.25724,                0.53115,                0.40775,                0.46904,                0.13789,                 0.0001,                 0.0001,                 0.0001
                    112,                0.46316,                0.51538,                0.13395,                0.82366,                0.71706,                0.78197,                0.55626,                0.30891,                0.54025,                0.39809,                0.47499,                0.13818,                 0.0001,                 0.0001,                 0.0001
                    113,                0.46224,                0.50943,                0.13345,                0.81423,                0.71082,                0.78141,                0.55425,                0.31202,                0.53933,                0.40601,                 0.4683,                0.13751,                 0.0001,                 0.0001,                 0.0001
                    114,                0.45828,                0.50908,                0.13127,                0.81502,                0.70897,                 0.7789,                0.55667,                0.32086,                0.53759,                0.41272,                0.44584,                0.14374,                 0.0001,                 0.0001,                 0.0001
                    115,                0.46315,                0.50135,                0.12751,                0.82072,                0.71652,                0.78621,                 0.5547,                0.27598,                0.53662,                0.40999,                 0.4691,                 0.1407,                 0.0001,                 0.0001,                 0.0001
                    116,                0.46316,                 0.5035,                0.13362,                0.84347,                0.72235,                0.79092,                0.55642,                0.27368,                0.53655,                 0.4063,                0.47114,                  0.141,                 0.0001,                 0.0001,                 0.0001
                    117,                0.45504,                0.49509,                0.12538,                0.82591,                0.71753,                0.78827,                0.55869,                0.31454,                0.54615,                0.40206,                0.46675,                0.13612,                 0.0001,                 0.0001,                 0.0001
                    118,                0.46282,                  0.497,                0.12977,                0.83054,                0.72054,                0.78921,                0.56147,                0.30978,                0.54774,                0.40222,                 0.4656,                0.13841,                 0.0001,                 0.0001,                 0.0001
                    119,                0.46411,                0.50091,                0.13151,                0.83772,                0.71029,                0.78603,                0.56365,                0.28194,                0.54308,                0.40357,                0.46833,                0.14004,                 0.0001,                 0.0001,                 0.0001
                    120,                 0.4672,                0.49683,                0.13092,                 0.8248,                0.71314,                0.78641,                0.55904,                0.26326,                0.53731,                0.40791,                0.46715,                0.13941,                 0.0001,                 0.0001,                 0.0001
                    121,                0.45947,                0.48944,                0.12646,                0.82485,                0.72286,                0.78463,                0.56253,                0.30089,                0.54495,                 0.4015,                0.47562,                0.13749,                 0.0001,                 0.0001,                 0.0001
                    122,                0.45444,                0.48638,                0.12599,                0.82388,                0.73231,                0.79269,                0.55605,                0.30698,                0.54768,                0.40546,                0.45319,                0.13936,                 0.0001,                 0.0001,                 0.0001
                    123,                0.45735,                0.49603,                0.12785,                0.83157,                0.72353,                0.78537,                0.56935,                0.32617,                 0.5512,                0.39223,                0.46063,                0.13317,                 0.0001,                 0.0001,                 0.0001
                    124,                0.45431,                0.49676,                0.13327,                0.81617,                0.72359,                0.78355,                0.55804,                0.31464,                0.54748,                0.39873,                0.46374,                0.13657,                 0.0001,                 0.0001,                 0.0001
                    125,                0.46765,                0.49077,                0.13376,                0.82185,                0.72589,                0.78928,                0.56439,                0.35112,                0.55405,                0.39464,                0.45589,                0.13252,                 0.0001,                 0.0001,                 0.0001
                    126,                0.45109,                0.48618,                0.12229,                0.82867,                0.72618,                0.78607,                0.55902,                0.32565,                0.54879,                0.40217,                0.44947,                0.13616,                 0.0001,                 0.0001,                 0.0001
                    127,                0.44738,                0.48319,                0.12476,                0.83405,                 0.7196,                0.78685,                0.56689,                0.33514,                0.55289,                 0.3962,                0.45322,                0.13506,                 0.0001,                 0.0001,                 0.0001
                    128,                0.45493,                0.47717,                0.12563,                0.84442,                0.72022,                0.79689,                0.57229,                0.32248,                0.55563,                0.39352,                0.45329,                0.13473,                 0.0001,                 0.0001,                 0.0001
                    129,                0.45489,                0.48367,                0.12546,                0.83547,                0.72687,                 0.7961,                0.56251,                0.32225,                0.55143,                0.39998,                0.45278,                0.13598,                 0.0001,                 0.0001,                 0.0001
                    130,                0.45016,                0.48518,                0.12484,                0.84009,                0.72503,                0.80384,                0.56035,                0.31729,                0.55218,                0.39937,                 0.4494,                0.13883,                 0.0001,                 0.0001,                 0.0001
                    131,                0.44928,                0.48706,                0.12391,                 0.8065,                0.72916,                 0.8014,                0.56243,                0.33261,                0.55331,                 0.3949,                0.45432,                0.13746,                 0.0001,                 0.0001,                 0.0001
                    132,                0.44751,                 0.4845,                0.12459,                0.82899,                0.72775,                0.79902,                0.56005,                0.30412,                0.54799,                 0.3986,                0.45724,                0.13737,                 0.0001,                 0.0001,                 0.0001
                    133,                0.44432,                0.47465,                0.12166,                0.81397,                 0.7328,                 0.7964,                0.56173,                0.31305,                0.55187,                0.39808,                0.45294,                0.13684,                 0.0001,                 0.0001,                 0.0001
                    134,                0.44215,                0.48797,                  0.119,                0.83818,                0.71782,                0.79885,                0.56859,                0.31034,                0.55338,                 0.3976,                0.45994,                0.13493,                 0.0001,                 0.0001,                 0.0001
                    135,                0.43888,                0.47038,                0.11619,                0.82564,                0.73399,                0.80078,                0.55996,                0.32392,                0.55568,                0.39685,                0.45151,                0.13552,                 0.0001,                 0.0001,                 0.0001
                    136,                 0.4432,                0.47061,                0.12144,                0.84221,                0.72915,                0.80416,                0.56361,                0.32332,                0.55499,                0.39881,                0.44692,                0.13677,                 0.0001,                 0.0001,                 0.0001
                    137,                0.44002,                0.48057,                 0.1195,                0.82928,                0.73227,                0.80093,                0.56342,                0.30583,                0.55454,                0.39941,                0.45613,                0.13366,                 0.0001,                 0.0001,                 0.0001
                    138,                0.44632,                0.47409,                0.12294,                0.82701,                0.73885,                0.79644,                0.56912,                0.29996,                0.55052,                0.40179,                0.45054,                0.13639,                 0.0001,                 0.0001,                 0.0001
                    139,                0.44376,                0.47407,                0.11914,                0.83857,                0.73181,                0.80145,                0.56269,                0.31185,                0.54968,                0.40128,                0.44999,                0.13507,                 0.0001,                 0.0001,                 0.0001
                    140,                0.43054,                 0.4769,                0.11419,                0.83718,                0.72534,                0.80103,                0.57056,                0.31432,                0.55312,                 0.3923,                0.45311,                0.13208,                 0.0001,                 0.0001,                 0.0001
                    141,                0.44616,                0.47737,                0.11739,                  0.823,                0.72068,                0.79854,                0.57022,                0.32157,                0.55402,                0.39108,                 0.4533,                0.13137,                 0.0001,                 0.0001,                 0.0001
                    142,                0.44286,                 0.4894,                0.12398,                0.82242,                0.72726,                0.80126,                0.56647,                0.32645,                0.55227,                0.39535,                0.45102,                0.13421,                 0.0001,                 0.0001,                 0.0001
                    143,                0.44358,                0.47746,                0.11975,                0.83694,                0.73238,                0.80627,                0.56794,                0.31119,                0.55657,                0.39767,                0.45164,                0.13579,                 0.0001,                 0.0001,                 0.0001
                    144,                0.43977,                0.47822,                0.11597,                0.85411,                0.72831,                0.80943,                0.56344,                0.30497,                0.55188,                0.39735,                0.44965,                0.13723,                 0.0001,                 0.0001,                 0.0001
                    145,                0.44294,                0.47933,                0.11675,                0.85231,                0.72995,                0.80603,                0.55619,                0.33292,                0.55364,                0.39815,                0.45111,                0.13917,                 0.0001,                 0.0001,                 0.0001
                    146,                0.43686,                0.46756,                0.11627,                0.83476,                0.72695,                0.80319,                0.55312,                0.32618,                0.55413,                0.39428,                0.44674,                0.13759,                 0.0001,                 0.0001,                 0.0001
                    147,                0.42646,                0.46686,                0.11696,                0.84265,                0.72337,                 0.8011,                 0.5607,                0.32687,                0.55707,                 0.3935,                0.44157,                0.13574,                 0.0001,                 0.0001,                 0.0001
                    148,                0.43364,                 0.4707,                0.11565,                0.85658,                0.72811,                0.80649,                0.56043,                0.33445,                0.56297,                0.39218,                0.43813,                0.13363,                 0.0001,                 0.0001,                 0.0001
                    149,                 0.4322,                 0.4651,                0.11514,                0.83909,                0.73734,                0.80423,                0.56718,                0.29138,                0.55066,                0.39447,                0.44662,                0.13386,                 0.0001,                 0.0001,                 0.0001
                    150,                 0.4379,                0.46542,                 0.1174,                0.82696,                0.73194,                0.79813,                0.56063,                0.31957,                0.55305,                0.39569,                 0.4403,                0.13582,                 0.0001,                 0.0001,                 0.0001
